{"cameraMode":{"drawMode":0,"name":"Shaded","section":"Shading Mode"},"sceneLighting":false,"audioPlay":false,"sceneViewState":{"m_AlwaysRefresh":false,"showFog":true,"showSkybox":false,"showFlares":true,"showImageEffects":true,"showParticleSystems":true,"showVisualEffectGraphs":true,"m_FxEnabled":true},"in2DMode":false,"pivot":{"x":-14.988434791564942,"y":-0.24228191375732423,"z":8.579431533813477},"rotation":{"x":-0.06021077558398247,"y":0.5453688502311707,"z":-0.03935526683926582,"w":-0.8349708914756775},"size":13.955368995666504,"orthographic":false}