{"cameraMode":{"drawMode":0,"name":"Shaded","section":"Shading Mode"},"sceneLighting":false,"audioPlay":false,"sceneViewState":{"m_AlwaysRefresh":false,"showFog":false,"showSkybox":false,"showFlares":false,"showImageEffects":false,"showParticleSystems":false,"showVisualEffectGraphs":true,"m_FxEnabled":true},"in2DMode":false,"pivot":{"x":-0.22339320182800294,"y":1.2158366441726685,"z":-0.546220600605011},"rotation":{"x":0.003451236058026552,"y":-0.9967153072357178,"z":0.046349793672561648,"w":0.062097933143377307},"size":0.6838652491569519,"orthographic":false}