{"cameraMode":{"drawMode":0,"name":"Shaded","section":"Shading Mode"},"sceneLighting":false,"audioPlay":false,"sceneViewState":{"m_AlwaysRefresh":false,"showFog":false,"showSkybox":false,"showFlares":false,"showImageEffects":false,"showParticleSystems":false,"showVisualEffectGraphs":true,"m_FxEnabled":true},"in2DMode":false,"pivot":{"x":0.22580380737781526,"y":1.4534424543380738,"z":-0.03566497191786766},"rotation":{"x":0.0002324064407730475,"y":0.9985182285308838,"z":-0.05247226729989052,"w":0.00655733048915863},"size":1.9517314434051514,"orthographic":false}