{"cameraMode":{"drawMode":0,"name":"Shaded","section":"Shading Mode"},"sceneLighting":false,"audioPlay":false,"sceneViewState":{"m_AlwaysRefresh":false,"showFog":false,"showSkybox":false,"showFlares":false,"showImageEffects":false,"showParticleSystems":false,"showVisualEffectGraphs":true,"m_FxEnabled":true},"in2DMode":false,"pivot":{"x":-0.08924584835767746,"y":0.8675093054771423,"z":0.24735192954540254},"rotation":{"x":0.0031992646399885418,"y":0.9940586686134338,"z":-0.10325867682695389,"w":0.03189389780163765},"size":1.3613494634628297,"orthographic":false}