{"cameraMode":{"drawMode":0,"name":"Shaded","section":"Shading Mode"},"sceneLighting":false,"audioPlay":false,"sceneViewState":{"m_AlwaysRefresh":false,"showFog":true,"showSkybox":false,"showFlares":true,"showImageEffects":true,"showParticleSystems":true,"showVisualEffectGraphs":true,"m_FxEnabled":true},"in2DMode":false,"pivot":{"x":0.05680704116821289,"y":1.249387502670288,"z":0.5087201595306397},"rotation":{"x":-0.024955980479717256,"y":0.6529936194419861,"z":-0.021580057218670846,"w":-0.7565021514892578},"size":3.053884267807007,"orthographic":false}