{"cameraMode":{"drawMode":0,"name":"Shaded","section":"Shading Mode"},"sceneLighting":false,"audioPlay":false,"sceneViewState":{"m_AlwaysRefresh":false,"showFog":false,"showSkybox":false,"showFlares":false,"showImageEffects":false,"showParticleSystems":false,"showVisualEffectGraphs":true,"m_FxEnabled":true},"in2DMode":false,"pivot":{"x":0.24495142698287965,"y":1.137925624847412,"z":-1.0126250982284547},"rotation":{"x":-0.017548322677612306,"y":-0.9806157350540161,"z":0.15731731057167054,"w":-0.11311743408441544},"size":0.8121367692947388,"orthographic":false}