{"cameraMode":{"drawMode":0,"name":"Shaded","section":"Shading Mode"},"sceneLighting":false,"audioPlay":false,"sceneViewState":{"m_AlwaysRefresh":false,"showFog":false,"showSkybox":false,"showFlares":false,"showImageEffects":false,"showParticleSystems":false,"showVisualEffectGraphs":true,"m_FxEnabled":true},"in2DMode":false,"pivot":{"x":-0.060142189264297488,"y":1.4503765106201172,"z":0.4721587300300598},"rotation":{"x":0.01418954785913229,"y":-0.9788691401481628,"z":0.19024577736854554,"w":0.06974193453788758},"size":0.3193771541118622,"orthographic":false}