{"cameraMode":{"drawMode":0,"name":"Shaded","section":"Shading Mode"},"sceneLighting":false,"audioPlay":false,"sceneViewState":{"m_AlwaysRefresh":false,"showFog":true,"showSkybox":false,"showFlares":true,"showImageEffects":true,"showParticleSystems":true,"showVisualEffectGraphs":true,"m_FxEnabled":true},"in2DMode":false,"pivot":{"x":0.0011754631996154786,"y":0.834663987159729,"z":-0.022380679845809938},"rotation":{"x":-0.01476153451949358,"y":0.695639431476593,"z":-0.012355834245681763,"w":-0.7179170250892639},"size":1.2485920190811158,"orthographic":false}